Reference,Qty,Value,Footprint,Package
"C1,C5,C6,C7",4,2.2uF_25V_0603,PCM_Capacitor_SMD_AKL:C_0603_1608Metric,
"C2,C3,C4,C10,C13,C14,C15",7,22uF,PCM_SparkFun-Capacitor:C_0805_2012Metric,
"C8,C9,C11,C12,C17,C19",6,0.1uF,PCM_SparkFun-Capacitor:C_0603_1608Metric,
C16,1,2.2uF_0603,Components_Footprint:CAPC1608X90,0603 Yageo
C20,1,1uF_0603,PCM_Capacitor_SMD_AKL:C_0603_1608Metric,
DZ1,1,MMSZ5V1,PCM_Diode_SMD_AKL:D_SOD-123,
"J1,J2,J3",3,USB_C_Receptacle,PCM_SparkFun-Connector:USB-C_16,
"J4,J5",2,Conn_01x01_Pin,Connector_PinHeader_2.54mm:PinHeader_1x01_P2.54mm_Vertical,
L1,1,2.2uH,Components_Footprint:IND_F1F3-1004T-2R2M,None
"LED1,LED5",2,100.0%,PCM_LED_SMD_AKL:LED_0805_2012Metric,
LED2,1,75.0%,PCM_LED_SMD_AKL:LED_0805_2012Metric,
LED3,1,50.0%,PCM_LED_SMD_AKL:LED_0805_2012Metric,
LED4,1,25.0%,PCM_LED_SMD_AKL:LED_0805_2012Metric,
P1,1,Conn_USB_A_Socket,PCM_fab:Conn_USB_A_Socket_AdamTech_USB-A-S-RA-TSMT,
"Q1,Q2,Q3,Q4",4,,Components_Footprint:SOT-23-6_L2.9-W1.6-P0.95-LS2.8-BR,
"R1,R3",2,100R_0603,PCM_fab:R_0603,
R2,1,1206_5mR,Components_Footprint:RES_VISHAY_WSLP1206_VIS,
"R4,R14",2,1k,PCM_SparkFun-Resistor:R_0603_1608Metric,
R8,1,80kR_0603,PCM_fab:R_0603,
R10,1,R_0603,PCM_fab:R_0603,
"R11,R12",2,10kR_0603,PCM_fab:R_0603,
R13,1,47k,PCM_SparkFun-Resistor:R_0603_1608Metric,
R15,1,3.3k,PCM_SparkFun-Resistor:R_0603_1608Metric,
SW1,1,Switch_Tactile_CnK,PCM_fab:Button_CnK_PTS636.0_6x3.5mm,
TH1,1,NTC_10k_3380B,PCM_fab:R_1206,
U1,1,CH221K,Components_Footprint:SOT95P280X120-6N,Package
U2,1,DRV5032FA,Package_TO_SOT_SMD:SOT-23,
U3,1,IP5362,Components_Footprint:UQFN-48_L6.0-W6.0-P0.40-BL-EP4.4,
U4,1,TS5A3167DBVR,Components_Footprint:SOT95P280X145-5N,SOT-23-5 Texas Instruments
